Year,City,Population (in Lakhs) (2011)+,Type,Crime Rate
2014,0,63.5,9,1.2913385826771653
2015,0,63.5,9,1.4803149606299213
2016,0,63.5,9,1.6220472440944882
2017,0,63.5,9,1.4173228346456692
2018,0,63.5,9,1.5433070866141732
2019,0,63.5,9,1.2755905511811023
2020,0,63.5,9,1.1023622047244095
2021,0,63.5,9,1.5275590551181102
2014,1,85.0,9,2.835294117647059
2015,1,85.0,9,2.764705882352941
2016,1,85.0,9,2.694117647058824
2017,1,85.0,9,2.764705882352941
2018,1,85.0,9,2.5647058823529414
2019,1,85.0,9,2.4
2020,1,85.0,9,2.1058823529411765
2021,1,85.0,9,1.8235294117647056
2014,2,87.0,9,1.8505747126436785
2015,2,87.0,9,1.7126436781609196
2016,2,87.0,9,1.528735632183908
2017,2,87.0,9,1.7701149425287357
2018,2,87.0,9,1.9770114942528736
2019,2,87.0,9,1.9770114942528736
2020,2,87.0,9,1.7241379310344829
2021,2,87.0,9,1.8505747126436785
2014,3,21.5,9,0.9767441860465116
2015,3,21.5,9,1.162790697674419
2016,3,21.5,9,1.255813953488372
2017,3,21.5,9,0.9767441860465116
2018,3,21.5,9,1.441860465116279
2019,3,21.5,9,1.813953488372093
2020,3,21.5,9,1.441860465116279
2021,3,21.5,9,1.3953488372093024
2014,4,163.1,9,2.8939301042305337
2015,4,163.1,9,2.942979767014102
2016,4,163.1,9,2.936848559166156
2017,4,163.1,9,2.452483139178418
2018,4,163.1,9,2.550582464745555
2019,4,163.1,9,3.096259963212753
2020,4,163.1,9,2.826486817903127
2021,4,163.1,9,2.7835683629675048
2014,5,23.6,9,3.0932203389830506
2015,5,23.6,9,2.754237288135593
2016,5,23.6,9,2.5
2017,5,23.6,9,2.2033898305084745
2018,5,23.6,9,2.2033898305084745
2019,5,23.6,9,2.0338983050847457
2020,5,23.6,9,0.9745762711864406
2021,5,23.6,9,1.059322033898305
2014,6,77.5,9,1.5225806451612902
2015,6,77.5,9,1.2258064516129032
2016,6,77.5,9,1.1096774193548389
2017,6,77.5,9,0.8258064516129032
2018,6,77.5,9,1.0451612903225806
2019,6,77.5,9,1.1096774193548389
2020,6,77.5,9,0.9161290322580644
2021,6,77.5,9,1.264516129032258
2014,7,21.7,9,4.055299539170507
2015,7,21.7,9,2.811059907834101
2016,7,21.7,9,2.672811059907834
2017,7,21.7,9,2.9493087557603688
2018,7,21.7,9,2.6267281105990783
2019,7,21.7,9,2.6267281105990783
2020,7,21.7,9,2.903225806451613
2021,7,21.7,9,2.488479262672811
2014,8,30.7,9,3.5179153094462543
2015,8,30.7,9,2.931596091205212
2016,8,30.7,9,3.1596091205211727
2017,8,30.7,9,2.931596091205212
2018,8,30.7,9,3.127035830618893
2019,8,30.7,9,3.029315960912052
2020,8,30.7,9,3.0944625407166124
2021,8,30.7,9,3.8436482084690553
2014,9,29.2,9,1.9178082191780823
2015,9,29.2,9,2.0205479452054798
2016,9,29.2,9,2.363013698630137
2017,9,29.2,9,1.7465753424657535
2018,9,29.2,9,1.7465753424657535
2019,9,29.2,9,1.815068493150685
2020,9,29.2,9,1.404109589041096
2021,9,29.2,9,1.6438356164383563
2014,10,21.2,9,0.6132075471698113
2015,10,21.2,9,0.5660377358490566
2016,10,21.2,9,0.4716981132075472
2017,10,21.2,9,0.5188679245283019
2018,10,21.2,9,0.5660377358490566
2019,10,21.2,9,1.0377358490566038
2020,10,21.2,9,0.4245283018867924
2021,10,21.2,9,0.4716981132075472
2014,11,141.1,9,0.5244507441530829
2015,11,141.1,9,0.4606661941885188
2016,11,141.1,9,0.5527994330262226
2017,11,141.1,9,0.4535790219702339
2018,11,141.1,9,0.3897944720056697
2019,11,141.1,9,0.3543586109142452
2020,11,141.1,9,0.3756201275690999
2021,11,141.1,9,0.3189227498228207
2014,12,20.3,9,0.3940886699507389
2015,12,20.3,9,0.1970443349753694
2016,12,20.3,9,0.147783251231527
2017,12,20.3,9,0.3448275862068965
2018,12,20.3,9,0.3940886699507389
2019,12,20.3,9,0.3448275862068965
2020,12,20.3,9,0.2463054187192118
2021,12,20.3,9,0.2463054187192118
2014,13,29.0,9,3.689655172413793
2015,13,29.0,9,3.413793103448276
2016,13,29.0,9,3.3448275862068964
2017,13,29.0,9,2.7241379310344827
2018,13,29.0,9,2.896551724137931
2019,13,29.0,9,2.586206896551724
2020,13,29.0,9,2.793103448275862
2021,13,29.0,9,3.4827586206896552
2014,14,184.1,9,0.9940249864204236
2015,14,184.1,9,0.8690928843020098
2016,14,184.1,9,0.7984790874524715
2017,14,184.1,9,0.6898424769147203
2018,14,184.1,9,0.8908202064095601
2019,14,184.1,9,0.9125475285171104
2020,14,184.1,9,0.8039109179793591
2021,14,184.1,9,0.8799565453557849
2014,15,25.0,9,4.12
2015,15,25.0,9,3.52
2016,15,25.0,9,3.68
2017,15,25.0,9,3.4
2018,15,25.0,9,2.88
2019,15,25.0,9,3.6
2020,15,25.0,9,3.88
2021,15,25.0,9,3.8
2014,16,20.5,9,10.0
2015,16,20.5,9,9.268292682926829
2016,16,20.5,9,9.51219512195122
2017,16,20.5,9,8.926829268292684
2018,16,20.5,9,4.439024390243903
2019,16,20.5,9,4.682926829268292
2020,16,20.5,9,3.8536585365853657
2021,16,20.5,9,3.707317073170732
2014,17,50.5,9,2.732673267326733
2015,17,50.5,9,2.4752475247524752
2016,17,50.5,9,2.5742574257425743
2017,17,50.5,9,2.1782178217821784
2018,17,50.5,9,1.4455445544554455
2019,17,50.5,9,1.465346534653465
2020,17,50.5,9,1.5247524752475248
2021,17,50.5,9,1.98019801980198
2014,18,45.8,9,1.8558951965065504
2015,18,45.8,9,1.9650655021834065
2016,18,45.8,9,2.2270742358078603
2017,18,45.8,9,1.9432314410480351
2018,18,45.8,9,2.3580786026200875
2019,18,45.8,9,2.1179039301310043
2020,18,45.8,9,2.532751091703057
2021,18,45.8,9,2.641921397379913
2014,0,63.5,8,5.779527559055119
2015,0,63.5,8,5.228346456692913
2016,0,63.5,8,5.921259842519685
2017,0,63.5,8,4.141732283464567
2018,0,63.5,8,4.362204724409449
2019,0,63.5,8,3.905511811023622
2020,0,63.5,8,2.8503937007874014
2021,0,63.5,8,2.881889763779528
2014,1,85.0,8,8.329411764705883
2015,1,85.0,8,9.141176470588237
2016,1,85.0,8,11.458823529411765
2017,1,85.0,8,12.352941176470589
2018,1,85.0,8,12.823529411764708
2019,1,85.0,8,12.388235294117647
2020,1,85.0,8,8.376470588235295
2021,1,85.0,8,9.541176470588235
2014,2,87.0,8,0.4137931034482758
2015,2,87.0,8,0.425287356321839
2016,2,87.0,8,0.3908045977011494
2017,2,87.0,8,0.6206896551724138
2018,2,87.0,8,0.6436781609195402
2019,2,87.0,8,0.5632183908045977
2020,2,87.0,8,0.425287356321839
2021,2,87.0,8,0.8160919540229885
2014,3,21.5,8,0.6511627906976745
2015,3,21.5,8,0.4651162790697674
2016,3,21.5,8,0.3720930232558139
2017,3,21.5,8,0.2325581395348837
2018,3,21.5,8,0.4651162790697674
2019,3,21.5,8,0.3255813953488372
2020,3,21.5,8,0.1860465116279069
2021,3,21.5,8,0.5116279069767442
2014,4,163.1,8,36.88534641324341
2015,4,163.1,8,40.64990803188228
2016,4,163.1,8,36.32740649908032
2017,4,163.1,8,31.90067443286328
2018,4,163.1,8,31.416309012875537
2019,4,163.1,8,35.229920294297976
2020,4,163.1,8,24.59227467811159
2021,4,163.1,8,33.5683629675046
2014,5,23.6,8,11.694915254237287
2015,5,23.6,8,13.347457627118644
2016,5,23.6,8,15.59322033898305
2017,5,23.6,8,22.54237288135593
2018,5,23.6,8,23.177966101694917
2019,5,23.6,8,17.28813559322034
2020,5,23.6,8,3.3050847457627115
2021,5,23.6,8,2.11864406779661
2014,6,77.5,8,4.825806451612904
2015,6,77.5,8,4.283870967741936
2016,6,77.5,8,4.632258064516129
2017,6,77.5,8,4.4
2018,6,77.5,8,5.303225806451613
2019,6,77.5,8,6.696774193548387
2020,6,77.5,8,5.819354838709677
2021,6,77.5,8,6.619354838709677
2014,7,21.7,8,20.23041474654378
2015,7,21.7,8,20.87557603686636
2016,7,21.7,8,17.649769585253456
2017,7,21.7,8,30.829493087557605
2018,7,21.7,8,24.101382488479263
2019,7,21.7,8,26.95852534562212
2020,7,21.7,8,21.474654377880185
2021,7,21.7,8,31.981566820276495
2014,8,30.7,8,21.270358306188925
2015,8,30.7,8,20.52117263843648
2016,8,30.7,8,18.5342019543974
2017,8,30.7,8,16.938110749185668
2018,8,30.7,8,17.49185667752443
2019,8,30.7,8,27.00325732899023
2020,8,30.7,8,17.32899022801303
2021,8,30.7,8,19.96742671009772
2014,9,29.2,8,7.979452054794521
2015,9,29.2,8,8.86986301369863
2016,9,29.2,8,14.006849315068491
2017,9,29.2,8,18.52739726027397
2018,9,29.2,8,18.52739726027397
2019,9,29.2,8,10.0
2020,9,29.2,8,7.636986301369864
2021,9,29.2,8,5.205479452054795
2014,10,21.2,8,0.1886792452830188
2015,10,21.2,8,0.6132075471698113
2016,10,21.2,8,0.6603773584905661
2017,10,21.2,8,0.8962264150943396
2018,10,21.2,8,0.5188679245283019
2019,10,21.2,8,0.9905660377358492
2020,10,21.2,8,0.7075471698113208
2021,10,21.2,8,0.6132075471698113
2014,11,141.1,8,2.430900070871722
2015,11,141.1,8,2.2111977321048903
2016,11,141.1,8,2.0552799433026223
2017,11,141.1,8,2.6506024096385543
2018,11,141.1,8,2.678951098511694
2019,11,141.1,8,1.559177888022679
2020,11,141.1,8,2.1828490432317507
2021,11,141.1,8,2.452161587526577
2014,12,20.3,8,0.0985221674876847
2015,12,20.3,8,0.4926108374384236
2016,12,20.3,8,0.3448275862068965
2017,12,20.3,8,0.6403940886699507
2018,12,20.3,8,0.9359605911330048
2019,12,20.3,8,1.3300492610837438
2020,12,20.3,8,0.5911330049261083
2021,12,20.3,8,1.0344827586206895
2014,13,29.0,8,12.0
2015,13,29.0,8,9.827586206896552
2016,13,29.0,8,31.86206896551724
2017,13,29.0,8,23.58620689655172
2018,13,29.0,8,38.3448275862069
2019,13,29.0,8,9.275862068965518
2020,13,29.0,8,25.344827586206897
2021,13,29.0,8,26.655172413793103
2014,14,184.1,8,2.9386203150461707
2015,14,184.1,8,8.598587724063009
2016,14,184.1,8,10.586637696903855
2017,14,184.1,8,11.727322107550243
2018,14,184.1,8,11.96089082020641
2019,14,184.1,8,11.417707767517651
2020,14,184.1,8,6.3715372080391095
2021,14,184.1,8,8.636610537751222
2014,15,25.0,8,5.8
2015,15,25.0,8,14.2
2016,15,25.0,8,20.36
2017,15,25.0,8,19.76
2018,15,25.0,8,19.92
2019,15,25.0,8,21.44
2020,15,25.0,8,13.36
2021,15,25.0,8,16.6
2014,16,20.5,8,29.21951219512195
2015,16,20.5,8,42.39024390243903
2016,16,20.5,8,40.09756097560975
2017,16,20.5,8,26.4390243902439
2018,16,20.5,8,39.31707317073171
2019,16,20.5,8,38.78048780487805
2020,16,20.5,8,20.82926829268293
2021,16,20.5,8,26.78048780487805
2014,17,50.5,8,4.514851485148514
2015,17,50.5,8,14.0
2016,17,50.5,8,16.85148514851485
2017,17,50.5,8,19.08910891089109
2018,17,50.5,8,12.594059405940596
2019,17,50.5,8,12.970297029702971
2020,17,50.5,8,8.613861386138614
2021,17,50.5,8,11.306930693069306
2014,18,45.8,8,5.742358078602621
2015,18,45.8,8,5.393013100436682
2016,18,45.8,8,5.895196506550219
2017,18,45.8,8,7.248908296943232
2018,18,45.8,8,8.14410480349345
2019,18,45.8,8,7.816593886462883
2020,18,45.8,8,3.5589519650655026
2021,18,45.8,8,5.895196506550219
2014,0,63.5,5,21.590551181102363
2015,0,63.5,5,16.80314960629921
2016,0,63.5,5,17.73228346456693
2017,0,63.5,5,22.125984251968504
2018,0,63.5,5,22.2992125984252
2019,0,63.5,5,25.716535433070867
2020,0,63.5,5,24.0
2021,0,63.5,5,24.47244094488189
2014,1,85.0,5,36.47058823529412
2015,1,85.0,5,36.576470588235296
2016,1,85.0,5,40.14117647058824
2017,1,85.0,5,41.94117647058823
2018,1,85.0,5,40.31764705882353
2019,1,85.0,5,41.01176470588236
2020,1,85.0,5,32.11764705882353
2021,1,85.0,5,36.78823529411765
2014,2,87.0,5,10.413793103448276
2015,2,87.0,5,6.126436781609195
2016,2,87.0,5,6.252873563218391
2017,2,87.0,5,7.379310344827586
2018,2,87.0,5,8.74712643678161
2019,2,87.0,5,8.310344827586206
2020,2,87.0,5,6.620689655172414
2021,2,87.0,5,10.045977011494251
2014,3,21.5,5,4.883720930232558
2015,3,21.5,5,5.069767441860465
2016,3,21.5,5,4.744186046511628
2017,3,21.5,5,3.5348837209302326
2018,3,21.5,5,4.976744186046512
2019,3,21.5,5,3.953488372093023
2020,3,21.5,5,4.511627906976744
2021,3,21.5,5,8.837209302325581
2014,4,163.1,5,81.29981606376457
2015,4,163.1,5,82.78356836296751
2016,4,163.1,5,84.62906192519927
2017,4,163.1,5,70.76640098099325
2018,4,163.1,5,71.88228080931944
2019,4,163.1,5,79.10484365419988
2020,4,163.1,5,59.97547516860822
2021,4,163.1,5,85.72654812998161
2014,5,23.6,5,43.51694915254237
2015,5,23.6,5,38.30508474576271
2016,5,23.6,5,43.6864406779661
2017,5,23.6,5,49.40677966101695
2018,5,23.6,5,47.79661016949152
2019,5,23.6,5,33.601694915254235
2020,5,23.6,5,14.44915254237288
2021,5,23.6,5,25.04237288135593
2014,6,77.5,5,27.45806451612903
2015,6,77.5,5,31.61290322580645
2016,6,77.5,5,31.212903225806453
2017,6,77.5,5,29.316129032258065
2018,6,77.5,5,30.09032258064516
2019,6,77.5,5,35.54838709677419
2020,6,77.5,5,30.83870967741936
2021,6,77.5,5,39.354838709677416
2014,7,21.7,5,43.36405529953917
2015,7,21.7,5,42.8110599078341
2016,7,21.7,5,48.61751152073733
2017,7,21.7,5,62.16589861751152
2018,7,21.7,5,73.41013824884793
2019,7,21.7,5,80.87557603686636
2020,7,21.7,5,62.02764976958525
2021,7,21.7,5,82.67281105990784
2014,8,30.7,5,79.08794788273616
2015,8,30.7,5,71.69381107491857
2016,8,30.7,5,68.07817589576547
2017,8,30.7,5,60.4885993485342
2018,8,30.7,5,66.12377850162866
2019,8,30.7,5,111.3029315960912
2020,8,30.7,5,77.16612377850163
2021,8,30.7,5,92.08469055374592
2014,9,29.2,5,29.417808219178085
2015,9,29.2,5,27.97945205479452
2016,9,29.2,5,35.95890410958904
2017,9,29.2,5,53.9041095890411
2018,9,29.2,5,53.9041095890411
2019,9,29.2,5,45.03424657534247
2020,9,29.2,5,36.16438356164384
2021,9,29.2,5,30.616438356164384
2014,10,21.2,5,21.88679245283019
2015,10,21.2,5,19.245283018867926
2016,10,21.2,5,18.49056603773585
2017,10,21.2,5,25.235849056603776
2018,10,21.2,5,25.330188679245285
2019,10,21.2,5,23.20754716981132
2020,10,21.2,5,19.00943396226415
2021,10,21.2,5,25.04716981132076
2014,11,141.1,5,16.67611622962438
2015,11,141.1,5,13.656980864635011
2016,11,141.1,5,11.998582565556344
2017,11,141.1,5,13.997165131112686
2018,11,141.1,5,15.421686746987952
2019,11,141.1,5,10.446491849751949
2020,11,141.1,5,14.181431608788094
2021,11,141.1,5,12.636428065201985
2014,12,20.3,5,16.89655172413793
2015,12,20.3,5,17.88177339901478
2016,12,20.3,5,17.339901477832512
2017,12,20.3,5,17.0935960591133
2018,12,20.3,5,17.192118226600986
2019,12,20.3,5,23.30049261083744
2020,12,20.3,5,19.40886699507389
2021,12,20.3,5,31.133004926108374
2014,13,29.0,5,43.44827586206897
2015,13,29.0,5,50.37931034482759
2016,13,29.0,5,76.03448275862068
2017,13,29.0,5,85.10344827586206
2018,13,29.0,5,94.34482758620688
2019,13,29.0,5,83.62068965517241
2020,13,29.0,5,90.89655172413794
2021,13,29.0,5,74.51724137931035
2014,14,184.1,5,21.58609451385117
2015,14,184.1,5,26.17599130907116
2016,14,184.1,5,27.854426941879414
2017,14,184.1,5,29.619771863117872
2018,14,184.1,5,32.906029331884845
2019,14,184.1,5,35.410103204780015
2020,14,184.1,5,24.894079304725693
2021,14,184.1,5,30.10863661053775
2014,15,25.0,5,32.56
2015,15,25.0,5,52.48
2016,15,25.0,5,55.16
2017,15,25.0,5,46.08
2018,15,25.0,5,43.32
2019,15,25.0,5,45.76
2020,15,25.0,5,36.8
2021,15,25.0,5,46.24
2014,16,20.5,5,50.29268292682927
2015,16,20.5,5,65.36585365853658
2016,16,20.5,5,62.63414634146341
2017,16,20.5,5,42.4390243902439
2018,16,20.5,5,46.63414634146341
2019,16,20.5,5,47.85365853658536
2020,16,20.5,5,24.146341463414632
2021,16,20.5,5,23.75609756097561
2014,17,50.5,5,26.27722772277228
2015,17,50.5,5,39.28712871287129
2016,17,50.5,5,42.1980198019802
2017,17,50.5,5,40.23762376237624
2018,17,50.5,5,29.32673267326733
2019,17,50.5,5,27.524752475247524
2020,17,50.5,5,20.89108910891089
2021,17,50.5,5,32.0
2014,18,45.8,5,15.1528384279476
2015,18,45.8,5,10.960698689956333
2016,18,45.8,5,12.336244541484715
2017,18,45.8,5,12.20524017467249
2018,18,45.8,5,15.54585152838428
2019,18,45.8,5,22.16157205240175
2020,18,45.8,5,13.820960698689955
2021,18,45.8,5,13.580786026200874
2014,0,63.5,4,6.881889763779528
2015,0,63.5,4,9.590551181102365
2016,0,63.5,4,7.574803149606299
2017,0,63.5,4,9.448818897637794
2018,0,63.5,4,11.543307086614174
2019,0,63.5,4,12.141732283464568
2020,0,63.5,4,9.496062992125983
2021,0,63.5,4,10.881889763779528
2014,1,85.0,4,12.505882352941176
2015,1,85.0,4,12.776470588235297
2016,1,85.0,4,15.68235294117647
2017,1,85.0,4,18.611764705882354
2018,1,85.0,4,21.352941176470587
2019,1,85.0,4,17.50588235294118
2020,1,85.0,4,12.976470588235294
2021,1,85.0,4,15.788235294117648
2014,2,87.0,4,2.35632183908046
2015,2,87.0,4,2.2298850574712645
2016,2,87.0,4,2.6436781609195403
2017,2,87.0,4,2.862068965517241
2018,2,87.0,4,8.908045977011493
2019,2,87.0,4,8.402298850574713
2020,2,87.0,4,3.5172413793103448
2021,2,87.0,4,6.275862068965517
2014,3,21.5,4,1.0232558139534884
2015,3,21.5,4,1.7674418604651163
2016,3,21.5,4,3.2093023255813957
2017,3,21.5,4,1.4883720930232558
2018,3,21.5,4,1.813953488372093
2019,3,21.5,4,2.0930232558139537
2020,3,21.5,4,5.162790697674419
2021,3,21.5,4,4.930232558139535
2014,4,163.1,4,49.90190067443287
2015,4,163.1,4,49.26425505824648
2016,4,163.1,4,45.32188841201717
2017,4,163.1,4,41.96198651134274
2018,4,163.1,4,42.017167381974254
2019,4,163.1,4,46.38258736971184
2020,4,163.1,4,32.225628448804414
2021,4,163.1,4,43.09625996321275
2014,5,23.6,4,8.09322033898305
2015,5,23.6,4,7.627118644067796
2016,5,23.6,4,5.508474576271186
2017,5,23.6,4,1.7796610169491525
2018,5,23.6,4,3.601694915254237
2019,5,23.6,4,21.22881355932203
2020,5,23.6,4,5.932203389830508
2021,5,23.6,4,5.762711864406779
2014,6,77.5,4,5.974193548387097
2015,6,77.5,4,6.270967741935484
2016,6,77.5,4,5.290322580645161
2017,6,77.5,4,4.967741935483871
2018,6,77.5,4,6.335483870967742
2019,6,77.5,4,6.529032258064516
2020,6,77.5,4,6.025806451612903
2021,6,77.5,4,8.012903225806452
2014,7,21.7,4,33.64055299539171
2015,7,21.7,4,22.027649769585253
2016,7,21.7,4,29.07834101382489
2017,7,21.7,4,36.03686635944701
2018,7,21.7,4,44.331797235023046
2019,7,21.7,4,44.56221198156682
2020,7,21.7,4,35.34562211981567
2021,7,21.7,4,49.815668202764975
2014,8,30.7,4,21.042345276872965
2015,8,30.7,4,24.332247557003257
2016,8,30.7,4,22.768729641693813
2017,8,30.7,4,22.11726384364821
2018,8,30.7,4,20.03257328990228
2019,8,30.7,4,29.64169381107492
2020,8,30.7,4,22.50814332247557
2021,8,30.7,4,23.71335504885993
2014,9,29.2,4,5.034246575342466
2015,9,29.2,4,5.136986301369864
2016,9,29.2,4,6.472602739726027
2017,9,29.2,4,10.376712328767123
2018,9,29.2,4,10.376712328767123
2019,9,29.2,4,9.452054794520548
2020,9,29.2,4,7.02054794520548
2021,9,29.2,4,6.712328767123288
2014,10,21.2,4,3.537735849056604
2015,10,21.2,4,3.5849056603773586
2016,10,21.2,4,4.056603773584905
2017,10,21.2,4,6.509433962264152
2018,10,21.2,4,6.556603773584906
2019,10,21.2,4,8.30188679245283
2020,10,21.2,4,5.943396226415095
2021,10,21.2,4,6.509433962264152
2014,11,141.1,4,2.4946846208362863
2015,11,141.1,4,2.700212615166549
2016,11,141.1,4,2.246633593196315
2017,11,141.1,4,4.557051736357193
2018,11,141.1,4,4.068036853295535
2019,11,141.1,4,1.9985825655563432
2020,11,141.1,4,3.444365698086464
2021,11,141.1,4,3.522324592487597
2014,12,20.3,4,3.3497536945812807
2015,12,20.3,4,4.334975369458128
2016,12,20.3,4,4.532019704433497
2017,12,20.3,4,6.502463054187192
2018,12,20.3,4,7.733990147783251
2019,12,20.3,4,9.80295566502463
2020,12,20.3,4,6.748768472906404
2021,12,20.3,4,7.980295566502463
2014,13,29.0,4,5.0344827586206895
2015,13,29.0,4,4.827586206896552
2016,13,29.0,4,32.96551724137931
2017,13,29.0,4,23.20689655172414
2018,13,29.0,4,24.344827586206897
2019,13,29.0,4,10.689655172413794
2020,13,29.0,4,20.82758620689655
2021,13,29.0,4,21.82758620689655
2014,14,184.1,4,7.908745247148289
2015,14,184.1,4,17.311243889190656
2016,14,184.1,4,18.46822379141771
2017,14,184.1,4,20.586637696903857
2018,14,184.1,4,19.071156979902227
2019,14,184.1,4,19.771863117870723
2020,14,184.1,4,12.210755024443236
2021,14,184.1,4,15.002715915263444
2014,15,25.0,4,16.44
2015,15,25.0,4,27.72
2016,15,25.0,4,27.72
2017,15,25.0,4,29.0
2018,15,25.0,4,27.96
2019,15,25.0,4,31.72
2020,15,25.0,4,23.28
2021,15,25.0,4,37.44
2014,16,20.5,4,7.560975609756097
2015,16,20.5,4,9.317073170731708
2016,16,20.5,4,18.4390243902439
2017,16,20.5,4,4.097560975609756
2018,16,20.5,4,4.975609756097561
2019,16,20.5,4,12.439024390243905
2020,16,20.5,4,6.195121951219512
2021,16,20.5,4,6.682926829268292
2014,17,50.5,4,8.653465346534654
2015,17,50.5,4,21.683168316831683
2016,17,50.5,4,23.36633663366337
2017,17,50.5,4,26.43564356435644
2018,17,50.5,4,17.366336633663366
2019,17,50.5,4,18.77227722772277
2020,17,50.5,4,13.168316831683168
2021,17,50.5,4,16.534653465346533
2014,18,45.8,4,8.68995633187773
2015,18,45.8,4,8.580786026200874
2016,18,45.8,4,9.06113537117904
2017,18,45.8,4,11.48471615720524
2018,18,45.8,4,23.471615720524017
2019,18,45.8,4,16.81222707423581
2020,18,45.8,4,9.148471615720524
2021,18,45.8,4,10.458515283842797
2014,0,63.5,0,3.3858267716535435
2015,0,63.5,0,2.47244094488189
2016,0,63.5,0,4.062992125984252
2017,0,63.5,0,6.377952755905512
2018,0,63.5,0,5.543307086614173
2019,0,63.5,0,4.692913385826771
2020,0,63.5,0,7.606299212598425
2021,0,63.5,0,6.078740157480315
2014,1,85.0,0,1.258823529411765
2015,1,85.0,0,1.5058823529411764
2016,1,85.0,0,2.411764705882353
2017,1,85.0,0,2.5294117647058822
2018,1,85.0,0,2.5764705882352943
2019,1,85.0,0,1.9058823529411764
2020,1,85.0,0,2.011764705882353
2021,1,85.0,0,2.0823529411764707
2014,2,87.0,0,3.022988505747126
2015,2,87.0,0,3.103448275862069
2016,2,87.0,0,4.494252873563219
2017,2,87.0,0,6.586206896551724
2018,2,87.0,0,5.770114942528736
2019,2,87.0,0,7.436781609195402
2020,2,87.0,0,8.885057471264368
2021,2,87.0,0,5.7011494252873565
2014,3,21.5,0,0.0930232558139534
2015,3,21.5,0,2.511627906976744
2016,3,21.5,0,0.8837209302325582
2017,3,21.5,0,1.5813953488372092
2018,3,21.5,0,2.883720930232558
2019,3,21.5,0,1.3953488372093024
2020,3,21.5,0,1.255813953488372
2021,3,21.5,0,0.8837209302325582
2014,4,163.1,0,10.245248313917845
2015,4,163.1,0,12.145922746781116
2016,4,163.1,0,14.518700183936236
2017,4,163.1,0,16.413243408951566
2018,4,163.1,0,14.641324340895157
2019,4,163.1,0,16.922133660331085
2020,4,163.1,0,14.935622317596566
2021,4,163.1,0,16.051502145922747
2014,5,23.6,0,1.059322033898305
2015,5,23.6,0,0.635593220338983
2016,5,23.6,0,0.2966101694915254
2017,5,23.6,0,0.847457627118644
2018,5,23.6,0,0.0
2019,5,23.6,0,0.0
2020,5,23.6,0,0.0
2021,5,23.6,0,0.0
2014,6,77.5,0,2.7870967741935484
2015,6,77.5,0,1.2258064516129032
2016,6,77.5,0,1.5612903225806452
2017,6,77.5,0,3.1483870967741936
2018,6,77.5,0,4.683870967741935
2019,6,77.5,0,4.516129032258065
2020,6,77.5,0,2.2193548387096773
2021,6,77.5,0,2.541935483870968
2014,7,21.7,0,16.22119815668203
2015,7,21.7,0,23.27188940092166
2016,7,21.7,0,18.617511520737327
2017,7,21.7,0,13.824884792626728
2018,7,21.7,0,16.95852534562212
2019,7,21.7,0,16.359447004608295
2020,7,21.7,0,12.949308755760368
2021,7,21.7,0,9.539170506912445
2014,8,30.7,0,11.661237785016286
2015,8,30.7,0,8.794788273615636
2016,8,30.7,0,8.306188925081434
2017,8,30.7,0,8.892508143322475
2018,8,30.7,0,10.03257328990228
2019,8,30.7,0,10.814332247557005
2020,8,30.7,0,6.384364820846906
2021,8,30.7,0,7.231270358306189
2014,9,29.2,0,4.486301369863014
2015,9,29.2,0,0.273972602739726
2016,9,29.2,0,0.4794520547945206
2017,9,29.2,0,0.3082191780821918
2018,9,29.2,0,0.3082191780821918
2019,9,29.2,0,0.3424657534246575
2020,9,29.2,0,0.5136986301369864
2021,9,29.2,0,0.4109589041095891
2014,10,21.2,0,1.650943396226415
2015,10,21.2,0,1.981132075471698
2016,10,21.2,0,2.7358490566037736
2017,10,21.2,0,2.452830188679245
2018,10,21.2,0,0.5660377358490566
2019,10,21.2,0,0.4716981132075472
2020,10,21.2,0,0.9433962264150944
2021,10,21.2,0,1.0377358490566038
2014,11,141.1,0,0.4677533664068037
2015,11,141.1,0,0.368532955350815
2016,11,141.1,0,0.1346562721474132
2017,11,141.1,0,0.2480510276399716
2018,11,141.1,0,0.1630049610205528
2019,11,141.1,0,0.2551381998582566
2020,11,141.1,0,0.6874557051736357
2021,11,141.1,0,0.1771793054571226
2014,12,20.3,0,2.3645320197044333
2015,12,20.3,0,3.842364532019704
2016,12,20.3,0,3.0541871921182264
2017,12,20.3,0,1.8719211822660096
2018,12,20.3,0,1.2807881773399017
2019,12,20.3,0,1.083743842364532
2020,12,20.3,0,0.3940886699507389
2021,12,20.3,0,1.083743842364532
2014,13,29.0,0,0.0
2015,13,29.0,0,0.7586206896551724
2016,13,29.0,0,1.4137931034482758
2017,13,29.0,0,0.5862068965517241
2018,13,29.0,0,3.3448275862068964
2019,13,29.0,0,2.1724137931034484
2020,13,29.0,0,4.137931034482759
2021,13,29.0,0,3.103448275862069
2014,14,184.1,0,5.029875067897882
2015,14,184.1,0,5.095057034220533
2016,14,184.1,0,5.138511678435633
2017,14,184.1,0,4.964693101575231
2018,14,184.1,0,4.687669744703966
2019,14,184.1,0,3.3188484519283
2020,14,184.1,0,1.8033677349266704
2021,14,184.1,0,1.8033677349266704
2014,15,25.0,0,9.56
2015,15,25.0,0,11.0
2016,15,25.0,0,16.16
2017,15,25.0,0,19.52
2018,15,25.0,0,12.2
2019,15,25.0,0,14.76
2020,15,25.0,0,10.96
2021,15,25.0,0,14.04
2014,16,20.5,0,6.097560975609756
2015,16,20.5,0,6.975609756097561
2016,16,20.5,0,5.219512195121951
2017,16,20.5,0,7.853658536585366
2018,16,20.5,0,0.4390243902439024
2019,16,20.5,0,0.7317073170731707
2020,16,20.5,0,1.3658536585365857
2021,16,20.5,0,0.4390243902439024
2014,17,50.5,0,8.653465346534654
2015,17,50.5,0,12.891089108910892
2016,17,50.5,0,14.831683168316832
2017,17,50.5,0,14.15841584158416
2018,17,50.5,0,9.564356435643564
2019,17,50.5,0,5.920792079207921
2020,17,50.5,0,4.811881188118812
2021,17,50.5,0,5.702970297029703
2014,18,45.8,0,6.157205240174673
2015,18,45.8,0,5.764192139737991
2016,18,45.8,0,4.737991266375547
2017,18,45.8,0,9.519650655021834
2018,18,45.8,0,8.930131004366812
2019,18,45.8,0,11.26637554585153
2020,18,45.8,0,6.506550218340612
2021,18,45.8,0,7.751091703056769
2014,0,63.5,3,1.0708661417322836
2015,0,63.5,3,0.2677165354330709
2016,0,63.5,3,5.700787401574803
2017,0,63.5,3,8.409448818897637
2018,0,63.5,3,11.543307086614174
2019,0,63.5,3,12.503937007874017
2020,0,63.5,3,11.16535433070866
2021,0,63.5,3,3.84251968503937
2014,1,85.0,3,1.0470588235294118
2015,1,85.0,3,1.1764705882352942
2016,1,85.0,3,1.8352941176470587
2017,1,85.0,3,2.164705882352941
2018,1,85.0,3,3.164705882352941
2019,1,85.0,3,2.458823529411765
2020,1,85.0,3,2.4705882352941178
2021,1,85.0,3,2.788235294117647
2014,2,87.0,3,2.5402298850574714
2015,2,87.0,3,2.333333333333333
2016,2,87.0,3,2.413793103448276
2017,2,87.0,3,5.563218390804598
2018,2,87.0,3,5.689655172413793
2019,2,87.0,3,6.344827586206897
2020,2,87.0,3,3.689655172413793
2021,2,87.0,3,4.862068965517241
2014,3,21.5,3,0.6046511627906976
2015,3,21.5,3,2.4186046511627906
2016,3,21.5,3,10.83720930232558
2017,3,21.5,3,5.255813953488372
2018,3,21.5,3,4.651162790697675
2019,3,21.5,3,3.069767441860465
2020,3,21.5,3,1.4883720930232558
2021,3,21.5,3,2.0930232558139537
2014,4,163.1,3,5.36480686695279
2015,4,163.1,3,7.210300429184549
2016,4,163.1,3,3.936235438381362
2017,4,163.1,3,4.512568976088289
2018,4,163.1,3,4.721030042918455
2019,4,163.1,3,6.597179644389945
2020,4,163.1,3,5.554874310239117
2021,4,163.1,3,7.148988350705089
2014,5,23.6,3,0.2966101694915254
2015,5,23.6,3,0.1694915254237288
2016,5,23.6,3,0.0
2017,5,23.6,3,0.0423728813559322
2018,5,23.6,3,0.0423728813559322
2019,5,23.6,3,0.0
2020,5,23.6,3,0.0
2021,5,23.6,3,0.0
2014,6,77.5,3,1.0580645161290323
2015,6,77.5,3,0.6193548387096774
2016,6,77.5,3,0.5161290322580645
2017,6,77.5,3,0.1806451612903225
2018,6,77.5,3,0.3741935483870968
2019,6,77.5,3,2.490322580645161
2020,6,77.5,3,2.193548387096774
2021,6,77.5,3,4.051612903225807
2014,7,21.7,3,3.4101382488479266
2015,7,21.7,3,3.087557603686636
2016,7,21.7,3,2.672811059907834
2017,7,21.7,3,3.179723502304148
2018,7,21.7,3,5.253456221198157
2019,7,21.7,3,4.6082949308755765
2020,7,21.7,3,4.377880184331797
2021,7,21.7,3,5.714285714285714
2014,8,30.7,3,3.811074918566775
2015,8,30.7,3,3.8436482084690553
2016,8,30.7,3,3.5179153094462543
2017,8,30.7,3,0.8469055374592834
2018,8,30.7,3,0.5537459283387622
2019,8,30.7,3,0.7817589576547231
2020,8,30.7,3,5.114006514657981
2021,8,30.7,3,4.006514657980456
2014,9,29.2,3,0.0
2015,9,29.2,3,0.0
2016,9,29.2,3,0.0
2017,9,29.2,3,0.0
2018,9,29.2,3,0.0
2019,9,29.2,3,0.0
2020,9,29.2,3,0.0
2021,9,29.2,3,0.0
2014,10,21.2,3,0.1415094339622641
2015,10,21.2,3,0.4245283018867924
2016,10,21.2,3,0.6132075471698113
2017,10,21.2,3,1.2735849056603774
2018,10,21.2,3,1.6037735849056605
2019,10,21.2,3,0.5188679245283019
2020,10,21.2,3,3.160377358490566
2021,10,21.2,3,1.3207547169811322
2014,11,141.1,3,0.1133947554925584
2015,11,141.1,3,0.1630049610205528
2016,11,141.1,3,0.1842664776754075
2017,11,141.1,3,0.2551381998582566
2018,11,141.1,3,0.3118355776045358
2019,11,141.1,3,0.0992204110559886
2020,11,141.1,3,0.141743444365698
2021,11,141.1,3,0.0141743444365698
2014,12,20.3,3,0.9852216748768472
2015,12,20.3,3,0.9852216748768472
2016,12,20.3,3,0.7389162561576355
2017,12,20.3,3,0.4433497536945812
2018,12,20.3,3,1.8226600985221677
2019,12,20.3,3,1.3300492610837438
2020,12,20.3,3,5.566502463054187
2021,12,20.3,3,2.610837438423645
2014,13,29.0,3,0.1724137931034483
2015,13,29.0,3,0.0689655172413793
2016,13,29.0,3,0.5172413793103449
2017,13,29.0,3,0.5517241379310345
2018,13,29.0,3,0.2413793103448276
2019,13,29.0,3,0.2758620689655172
2020,13,29.0,3,1.5862068965517242
2021,13,29.0,3,1.793103448275862
2014,14,184.1,3,5.1276480173818575
2015,14,184.1,3,6.089082020640956
2016,14,184.1,3,6.61596958174905
2017,14,184.1,3,6.056491037479631
2018,14,184.1,3,5.665399239543726
2019,14,184.1,3,6.686583378598588
2020,14,184.1,3,4.584464964693102
2021,14,184.1,3,5.361216730038023
2014,15,25.0,3,4.8
2015,15,25.0,3,7.08
2016,15,25.0,3,7.64
2017,15,25.0,3,4.84
2018,15,25.0,3,8.28
2019,15,25.0,3,4.24
2020,15,25.0,3,5.88
2021,15,25.0,3,10.0
2014,16,20.5,3,0.1951219512195122
2015,16,20.5,3,0.0
2016,16,20.5,3,0.0
2017,16,20.5,3,0.3414634146341463
2018,16,20.5,3,0.0
2019,16,20.5,3,0.0
2020,16,20.5,3,0.0
2021,16,20.5,3,0.0
2014,17,50.5,3,5.287128712871287
2015,17,50.5,3,3.1683168316831685
2016,17,50.5,3,3.742574257425743
2017,17,50.5,3,3.5247524752475248
2018,17,50.5,3,3.3465346534653464
2019,17,50.5,3,4.435643564356436
2020,17,50.5,3,2.435643564356436
2021,17,50.5,3,2.9702970297029703
2014,18,45.8,3,2.4890829694323147
2015,18,45.8,3,3.4716157205240177
2016,18,45.8,3,2.4017467248908297
2017,18,45.8,3,2.860262008733625
2018,18,45.8,3,3.51528384279476
2019,18,45.8,3,5.065502183406114
2020,18,45.8,3,1.5065502183406114
2021,18,45.8,3,1.4410480349344978
2014,0,63.5,1,1.0393700787401574
2015,0,63.5,1,0.9448818897637796
2016,0,63.5,1,1.5118110236220472
2017,0,63.5,1,1.874015748031496
2018,0,63.5,1,2.283464566929134
2019,0,63.5,1,2.5354330708661417
2020,0,63.5,1,2.141732283464567
2021,0,63.5,1,2.645669291338583
2014,1,85.0,1,1.8705882352941177
2015,1,85.0,1,1.6470588235294117
2016,1,85.0,1,2.4352941176470586
2017,1,85.0,1,2.458823529411765
2018,1,85.0,1,1.6588235294117648
2019,1,85.0,1,1.952941176470588
2020,1,85.0,1,1.5647058823529412
2021,1,85.0,1,1.952941176470588
2014,2,87.0,1,0.1839080459770115
2015,2,87.0,1,0.1494252873563218
2016,2,87.0,1,0.1149425287356321
2017,2,87.0,1,0.160919540229885
2018,2,87.0,1,0.057471264367816
2019,2,87.0,1,0.0919540229885057
2020,2,87.0,1,0.1379310344827586
2021,2,87.0,1,0.264367816091954
2014,3,21.5,1,0.4186046511627907
2015,3,21.5,1,0.1395348837209302
2016,3,21.5,1,0.1395348837209302
2017,3,21.5,1,0.0465116279069767
2018,3,21.5,1,0.0465116279069767
2019,3,21.5,1,0.0
2020,3,21.5,1,0.1395348837209302
2021,3,21.5,1,0.8372093023255814
2014,4,163.1,1,0.4291845493562232
2015,4,163.1,1,0.2023298589822195
2016,4,163.1,1,0.2820355610055181
2017,4,163.1,1,0.2084610668301655
2018,4,163.1,1,0.1594114040465971
2019,4,163.1,1,0.4230533415082771
2020,4,163.1,1,0.404659717964439
2021,4,163.1,1,0.797057020232986
2014,5,23.6,1,1.6101694915254237
2015,5,23.6,1,1.6525423728813555
2016,5,23.6,1,2.711864406779661
2017,5,23.6,1,1.694915254237288
2018,5,23.6,1,1.7372881355932202
2019,5,23.6,1,1.7796610169491525
2020,5,23.6,1,0.9322033898305084
2021,5,23.6,1,1.7796610169491525
2014,6,77.5,1,2.064516129032258
2015,6,77.5,1,1.4967741935483871
2016,6,77.5,1,1.793548387096774
2017,6,77.5,1,1.0064516129032255
2018,6,77.5,1,1.5870967741935484
2019,6,77.5,1,1.5096774193548388
2020,6,77.5,1,1.6387096774193548
2021,6,77.5,1,1.3419354838709678
2014,7,21.7,1,2.7649769585253456
2015,7,21.7,1,2.5345622119815667
2016,7,21.7,1,1.6589861751152075
2017,7,21.7,1,1.6129032258064515
2018,7,21.7,1,1.7511520737327189
2019,7,21.7,1,1.566820276497696
2020,7,21.7,1,1.8433179723502304
2021,7,21.7,1,2.3963133640553
2014,8,30.7,1,9.6742671009772
2015,8,30.7,1,9.6742671009772
2016,8,30.7,1,7.133550488599349
2017,8,30.7,1,2.736156351791531
2018,8,30.7,1,5.863192182410423
2019,8,30.7,1,11.172638436482083
2020,8,30.7,1,7.6547231270358305
2021,8,30.7,1,11.758957654723128
2014,9,29.2,1,5.0
2015,9,29.2,1,3.219178082191781
2016,9,29.2,1,3.664383561643836
2017,9,29.2,1,4.691780821917808
2018,9,29.2,1,4.691780821917808
2019,9,29.2,1,5.787671232876712
2020,9,29.2,1,5.582191780821918
2021,9,29.2,1,5.6506849315068495
2014,10,21.2,1,1.2264150943396226
2015,10,21.2,1,0.9433962264150944
2016,10,21.2,1,1.650943396226415
2017,10,21.2,1,0.9905660377358492
2018,10,21.2,1,0.9433962264150944
2019,10,21.2,1,0.7547169811320755
2020,10,21.2,1,0.8962264150943396
2021,10,21.2,1,0.6132075471698113
2014,11,141.1,1,0.0637845499645641
2015,11,141.1,1,0.070871722182849
2016,11,141.1,1,0.0637845499645641
2017,11,141.1,1,0.0992204110559886
2018,11,141.1,1,0.0992204110559886
2019,11,141.1,1,0.0779588944011339
2020,11,141.1,1,0.1275690999291283
2021,11,141.1,1,0.1275690999291283
2014,12,20.3,1,0.8866995073891625
2015,12,20.3,1,1.2807881773399017
2016,12,20.3,1,1.4285714285714286
2017,12,20.3,1,1.5270935960591132
2018,12,20.3,1,1.2807881773399017
2019,12,20.3,1,1.1822660098522166
2020,12,20.3,1,0.9852216748768472
2021,12,20.3,1,1.5270935960591132
2014,13,29.0,1,2.103448275862069
2015,13,29.0,1,5.0344827586206895
2016,13,29.0,1,9.03448275862069
2017,13,29.0,1,10.310344827586206
2018,13,29.0,1,7.896551724137931
2019,13,29.0,1,8.068965517241379
2020,13,29.0,1,10.172413793103448
2021,13,29.0,1,9.241379310344827
2014,14,184.1,1,0.1901140684410646
2015,14,184.1,1,0.1846822379141771
2016,14,184.1,1,0.1629549158066268
2017,14,184.1,1,0.1683867463335144
2018,14,184.1,1,0.1792504073872895
2019,14,184.1,1,0.2498642042368278
2020,14,184.1,1,0.1955458989679522
2021,14,184.1,1,0.2552960347637154
2014,15,25.0,1,1.32
2015,15,25.0,1,1.08
2016,15,25.0,1,1.16
2017,15,25.0,1,0.84
2018,15,25.0,1,0.96
2019,15,25.0,1,1.92
2020,15,25.0,1,1.68
2021,15,25.0,1,1.4
2014,16,20.5,1,12.146341463414634
2015,16,20.5,1,15.658536585365852
2016,16,20.5,1,11.75609756097561
2017,16,20.5,1,10.097560975609756
2018,16,20.5,1,4.7317073170731705
2019,16,20.5,1,5.317073170731708
2020,16,20.5,1,3.463414634146341
2021,16,20.5,1,3.2195121951219514
2014,17,50.5,1,1.0891089108910892
2015,17,50.5,1,0.3762376237623762
2016,17,50.5,1,0.8118811881188119
2017,17,50.5,1,0.5544554455445545
2018,17,50.5,1,0.6138613861386139
2019,17,50.5,1,0.7128712871287128
2020,17,50.5,1,0.5346534653465347
2021,17,50.5,1,0.6336633663366337
2014,18,45.8,1,0.131004366812227
2015,18,45.8,1,0.2401746724890829
2016,18,45.8,1,0.4148471615720524
2017,18,45.8,1,0.6986899563318778
2018,18,45.8,1,0.6331877729257642
2019,18,45.8,1,0.7423580786026202
2020,18,45.8,1,0.4366812227074236
2021,18,45.8,1,0.4803493449781659
2014,0,63.5,2,0.0944881889763779
2015,0,63.5,2,0.1417322834645669
2016,0,63.5,2,0.1574803149606299
2017,0,63.5,2,0.0944881889763779
2018,0,63.5,2,0.1417322834645669
2019,0,63.5,2,0.1574803149606299
2020,0,63.5,2,0.1417322834645669
2021,0,63.5,2,0.2677165354330709
2014,1,85.0,2,0.0941176470588235
2015,1,85.0,2,0.1058823529411764
2016,1,85.0,2,0.1176470588235294
2017,1,85.0,2,0.1058823529411764
2018,1,85.0,2,0.1647058823529411
2019,1,85.0,2,0.1411764705882353
2020,1,85.0,2,0.1529411764705882
2021,1,85.0,2,0.1411764705882353
2014,2,87.0,2,0.0
2015,2,87.0,2,0.0
2016,2,87.0,2,0.0
2017,2,87.0,2,0.0
2018,2,87.0,2,0.0114942528735632
2019,2,87.0,2,0.0
2020,2,87.0,2,0.0
2021,2,87.0,2,0.0
2014,3,21.5,2,0.0
2015,3,21.5,2,0.0
2016,3,21.5,2,0.0
2017,3,21.5,2,0.0
2018,3,21.5,2,0.0
2019,3,21.5,2,0.0
2020,3,21.5,2,0.0
2021,3,21.5,2,0.0
2014,4,163.1,2,0.012262415695892
2015,4,163.1,2,0.0245248313917841
2016,4,163.1,2,0.012262415695892
2017,4,163.1,2,0.0245248313917841
2018,4,163.1,2,0.0
2019,4,163.1,2,0.012262415695892
2020,4,163.1,2,0.006131207847946
2021,4,163.1,2,0.0306560392397302
2014,5,23.6,2,0.0
2015,5,23.6,2,0.0
2016,5,23.6,2,0.0
2017,5,23.6,2,0.0
2018,5,23.6,2,0.0
2019,5,23.6,2,0.0
2020,5,23.6,2,0.0
2021,5,23.6,2,0.0
2014,6,77.5,2,0.2451612903225806
2015,6,77.5,2,0.2709677419354839
2016,6,77.5,2,0.2709677419354839
2017,6,77.5,2,0.232258064516129
2018,6,77.5,2,0.3225806451612903
2019,6,77.5,2,0.2064516129032258
2020,6,77.5,2,0.3354838709677419
2021,6,77.5,2,0.3612903225806451
2014,7,21.7,2,0.3686635944700461
2015,7,21.7,2,0.3225806451612903
2016,7,21.7,2,0.2764976958525346
2017,7,21.7,2,0.3225806451612903
2018,7,21.7,2,0.3225806451612903
2019,7,21.7,2,0.4147465437788019
2020,7,21.7,2,0.5529953917050692
2021,7,21.7,2,0.599078341013825
2014,8,30.7,2,2.1172638436482085
2015,8,30.7,2,2.768729641693811
2016,8,30.7,2,2.8664495114006514
2017,8,30.7,2,1.498371335504886
2018,8,30.7,2,2.47557003257329
2019,8,30.7,2,5.472312703583062
2020,8,30.7,2,4.364820846905538
2021,8,30.7,2,5.048859934853421
2014,9,29.2,2,0.0
2015,9,29.2,2,0.0
2016,9,29.2,2,0.0
2017,9,29.2,2,0.0
2018,9,29.2,2,0.0
2019,9,29.2,2,0.0
2020,9,29.2,2,0.0
2021,9,29.2,2,0.0
2014,10,21.2,2,0.0943396226415094
2015,10,21.2,2,0.0471698113207547
2016,10,21.2,2,0.0943396226415094
2017,10,21.2,2,0.0
2018,10,21.2,2,0.0
2019,10,21.2,2,0.0943396226415094
2020,10,21.2,2,0.0943396226415094
2021,10,21.2,2,0.0943396226415094
2014,11,141.1,2,0.0
2015,11,141.1,2,0.0141743444365698
2016,11,141.1,2,0.0141743444365698
2017,11,141.1,2,0.0
2018,11,141.1,2,0.0212615166548547
2019,11,141.1,2,0.0354358610914245
2020,11,141.1,2,0.0141743444365698
2021,11,141.1,2,0.0
2014,12,20.3,2,0.0492610837438423
2015,12,20.3,2,0.0
2016,12,20.3,2,0.0
2017,12,20.3,2,0.0
2018,12,20.3,2,0.0492610837438423
2019,12,20.3,2,0.0
2020,12,20.3,2,0.0
2021,12,20.3,2,0.0492610837438423
2014,13,29.0,2,0.0
2015,13,29.0,2,0.0
2016,13,29.0,2,0.0
2017,13,29.0,2,0.0
2018,13,29.0,2,0.0
2019,13,29.0,2,0.0
2020,13,29.0,2,0.0
2021,13,29.0,2,0.0
2014,14,184.1,2,0.0217273221075502
2015,14,184.1,2,0.0108636610537751
2016,14,184.1,2,0.0162954915806626
2017,14,184.1,2,0.0162954915806626
2018,14,184.1,2,0.0
2019,14,184.1,2,0.0380228136882129
2020,14,184.1,2,0.0325909831613253
2021,14,184.1,2,0.0162954915806626
2014,15,25.0,2,0.24
2015,15,25.0,2,0.16
2016,15,25.0,2,0.2
2017,15,25.0,2,0.28
2018,15,25.0,2,0.0
2019,15,25.0,2,0.32
2020,15,25.0,2,0.12
2021,15,25.0,2,0.28
2014,16,20.5,2,0.0
2015,16,20.5,2,0.0
2016,16,20.5,2,0.0
2017,16,20.5,2,0.0
2018,16,20.5,2,0.0
2019,16,20.5,2,0.0
2020,16,20.5,2,0.0
2021,16,20.5,2,0.0
2014,17,50.5,2,0.0
2015,17,50.5,2,0.0198019801980198
2016,17,50.5,2,0.0198019801980198
2017,17,50.5,2,0.0198019801980198
2018,17,50.5,2,0.0198019801980198
2019,17,50.5,2,0.0
2020,17,50.5,2,0.0198019801980198
2021,17,50.5,2,0.0396039603960396
2014,18,45.8,2,0.2401746724890829
2015,18,45.8,2,0.1746724890829694
2016,18,45.8,2,0.1965065502183406
2017,18,45.8,2,0.2183406113537118
2018,18,45.8,2,0.2838427947598253
2019,18,45.8,2,0.4148471615720524
2020,18,45.8,2,0.2620087336244541
2021,18,45.8,2,0.4148471615720524
2014,0,63.5,7,6.283464566929134
2015,0,63.5,7,5.952755905511811
2016,0,63.5,7,7.543307086614173
2017,0,63.5,7,9.5748031496063
2018,0,63.5,7,13.25984251968504
2019,0,63.5,7,13.543307086614174
2020,0,63.5,7,11.559055118110235
2021,0,63.5,7,12.047244094488187
2014,1,85.0,7,37.92941176470588
2015,1,85.0,7,41.4
2016,1,85.0,7,41.23529411764706
2017,1,85.0,7,40.74117647058824
2018,1,85.0,7,38.129411764705885
2019,1,85.0,7,33.529411764705884
2020,1,85.0,7,24.529411764705884
2021,1,85.0,7,31.94117647058824
2014,2,87.0,7,8.045977011494253
2015,2,87.0,7,6.413793103448276
2016,2,87.0,7,4.896551724137931
2017,2,87.0,7,7.620689655172414
2018,2,87.0,7,12.06896551724138
2019,2,87.0,7,9.32183908045977
2020,2,87.0,7,8.0
2021,2,87.0,7,9.655172413793103
2014,3,21.5,7,8.744186046511627
2015,3,21.5,7,7.953488372093023
2016,3,21.5,7,5.488372093023256
2017,3,21.5,7,6.744186046511628
2018,3,21.5,7,4.930232558139535
2019,3,21.5,7,5.023255813953488
2020,3,21.5,7,4.27906976744186
2021,3,21.5,7,8.465116279069768
2014,4,163.1,7,31.50214592274678
2015,4,163.1,7,39.21520539546291
2016,4,163.1,7,36.4316370324954
2017,4,163.1,7,29.478847332924587
2018,4,163.1,7,27.40036787247088
2019,4,163.1,7,29.5340282035561
2020,4,163.1,7,27.253218884120173
2021,4,163.1,7,31.281422440220723
2014,5,23.6,7,19.279661016949152
2015,5,23.6,7,18.347457627118644
2016,5,23.6,7,18.601694915254235
2017,5,23.6,7,20.04237288135593
2018,5,23.6,7,23.38983050847457
2019,5,23.6,7,16.01694915254237
2020,5,23.6,7,24.02542372881356
2021,5,23.6,7,25.21186440677966
2014,6,77.5,7,35.27741935483871
2015,6,77.5,7,30.01290322580645
2016,6,77.5,7,28.89032258064516
2017,6,77.5,7,26.283870967741937
2018,6,77.5,7,23.070967741935483
2019,6,77.5,7,24.451612903225808
2020,6,77.5,7,44.21935483870968
2021,6,77.5,7,62.70967741935484
2014,7,21.7,7,10.967741935483872
2015,7,21.7,7,9.44700460829493
2016,7,21.7,7,14.700460829493087
2017,7,21.7,7,12.16589861751152
2018,7,21.7,7,12.350230414746544
2019,7,21.7,7,20.92165898617512
2020,7,21.7,7,12.580645161290324
2021,7,21.7,7,18.202764976958527
2014,8,30.7,7,161.59609120521174
2015,8,30.7,7,182.8338762214984
2016,8,30.7,7,154.46254071661238
2017,8,30.7,7,140.6514657980456
2018,8,30.7,7,142.83387622149837
2019,8,30.7,7,198.9250814332248
2020,8,30.7,7,104.78827361563518
2021,8,30.7,7,139.25081433224756
2014,9,29.2,7,16.027397260273972
2015,9,29.2,7,14.657534246575343
2016,9,29.2,7,18.86986301369863
2017,9,29.2,7,26.198630136986303
2018,9,29.2,7,26.198630136986303
2019,9,29.2,7,14.965753424657535
2020,9,29.2,7,9.623287671232877
2021,9,29.2,7,14.82876712328767
2014,10,21.2,7,36.22641509433962
2015,10,21.2,7,28.20754716981132
2016,10,21.2,7,27.21698113207547
2017,10,21.2,7,17.78301886792453
2018,10,21.2,7,21.745283018867926
2019,10,21.2,7,22.12264150943396
2020,10,21.2,7,22.68867924528302
2021,10,21.2,7,20.471698113207548
2014,11,141.1,7,16.13040396881644
2015,11,141.1,7,15.386250885896528
2016,11,141.1,7,15.27285613040397
2017,11,141.1,7,15.57760453579022
2018,11,141.1,7,19.340892983699504
2019,11,141.1,7,16.491849751948973
2020,11,141.1,7,12.87739192062367
2021,11,141.1,7,14.720056697377746
2014,12,20.3,7,15.02463054187192
2015,12,20.3,7,12.95566502463054
2016,12,20.3,7,6.995073891625616
2017,12,20.3,7,8.226600985221674
2018,12,20.3,7,6.600985221674876
2019,12,20.3,7,8.571428571428571
2020,12,20.3,7,14.778325123152708
2021,12,20.3,7,15.320197044334977
2014,13,29.0,7,46.58620689655172
2015,13,29.0,7,42.13793103448276
2016,13,29.0,7,54.62068965517241
2017,13,29.0,7,65.03448275862068
2018,13,29.0,7,86.34482758620689
2019,13,29.0,7,103.82758620689656
2020,13,29.0,7,76.6896551724138
2021,13,29.0,7,118.6206896551724
2014,14,184.1,7,23.2753938077132
2015,14,184.1,7,24.4541010320478
2016,14,184.1,7,22.76480173818577
2017,14,184.1,7,24.236827810972297
2018,14,184.1,7,26.089082020640955
2019,14,184.1,7,30.17925040738729
2020,14,184.1,7,21.33079847908745
2021,14,184.1,7,30.80391091797936
2014,15,25.0,7,18.04
2015,15,25.0,7,18.56
2016,15,25.0,7,18.72
2017,15,25.0,7,20.36
2018,15,25.0,7,21.36
2019,15,25.0,7,18.08
2020,15,25.0,7,20.24
2021,15,25.0,7,21.64
2014,16,20.5,7,56.73170731707317
2015,16,20.5,7,78.4390243902439
2016,16,20.5,7,63.02439024390244
2017,16,20.5,7,7.609756097560975
2018,16,20.5,7,61.65853658536585
2019,16,20.5,7,74.8780487804878
2020,16,20.5,7,49.609756097560975
2021,16,20.5,7,57.609756097560975
2014,17,50.5,7,17.06930693069307
2015,17,50.5,7,17.96039603960396
2016,17,50.5,7,21.96039603960396
2017,17,50.5,7,20.712871287128717
2018,17,50.5,7,15.386138613861386
2019,17,50.5,7,18.495049504950494
2020,17,50.5,7,9.504950495049505
2021,17,50.5,7,13.96039603960396
2014,18,45.8,7,8.296943231441048
2015,18,45.8,7,9.192139737991267
2016,18,45.8,7,9.95633187772926
2017,18,45.8,7,15.69868995633188
2018,18,45.8,7,18.100436681222707
2019,18,45.8,7,17.554585152838428
2020,18,45.8,7,8.755458515283843
2021,18,45.8,7,14.475982532751091
2014,0,63.5,6,0.5039370078740157
2015,0,63.5,6,0.4409448818897638
2016,0,63.5,6,1.2125984251968505
2017,0,63.5,6,1.763779527559055
2018,0,63.5,6,3.338582677165354
2019,0,63.5,6,2.692913385826772
2020,0,63.5,6,6.62992125984252
2021,0,63.5,6,7.039370078740157
2014,1,85.0,6,7.9411764705882355
2015,1,85.0,6,12.258823529411766
2016,1,85.0,6,8.964705882352941
2017,1,85.0,6,32.27058823529412
2018,1,85.0,6,61.8
2019,1,85.0,6,124.17647058823528
2020,1,85.0,6,104.61176470588236
2021,1,85.0,6,75.56470588235294
2014,2,87.0,6,0.3908045977011494
2015,2,87.0,6,0.3333333333333333
2016,2,87.0,6,0.2988505747126437
2017,2,87.0,6,0.5977011494252874
2018,2,87.0,6,0.8390804597701149
2019,2,87.0,6,1.3563218390804597
2020,2,87.0,6,2.1379310344827585
2021,2,87.0,6,0.8735632183908046
2014,3,21.5,6,0.9302325581395348
2015,3,21.5,6,0.9302325581395348
2016,3,21.5,6,0.8372093023255814
2017,3,21.5,6,0.8837209302325582
2018,3,21.5,6,0.6976744186046512
2019,3,21.5,6,0.3720930232558139
2020,3,21.5,6,0.1860465116279069
2021,3,21.5,6,2.046511627906977
2014,4,163.1,6,1.3733905579399142
2015,4,163.1,6,1.0361741263028816
2016,4,163.1,6,0.5518087063151441
2017,4,163.1,6,0.8767627222562845
2018,4,163.1,6,0.9993868792152054
2019,4,163.1,6,0.6560392397302269
2020,4,163.1,6,1.0177805027590436
2021,4,163.1,6,2.1152667075413856
2014,5,23.6,6,2.584745762711864
2015,5,23.6,6,1.059322033898305
2016,5,23.6,6,2.6271186440677963
2017,5,23.6,6,5.0
2018,5,23.6,6,8.09322033898305
2019,5,23.6,6,14.703389830508474
2020,5,23.6,6,32.03389830508474
2021,5,23.6,6,19.110169491525426
2014,6,77.5,6,4.980645161290322
2015,6,77.5,6,4.7612903225806456
2016,6,77.5,6,3.7548387096774194
2017,6,77.5,6,4.232258064516129
2018,6,77.5,6,5.52258064516129
2019,6,77.5,6,17.793548387096774
2020,6,77.5,6,32.94193548387097
2021,6,77.5,6,42.61935483870968
2014,7,21.7,6,2.903225806451613
2015,7,21.7,6,2.995391705069125
2016,7,21.7,6,0.967741935483871
2017,7,21.7,6,1.4746543778801844
2018,7,21.7,6,1.7972350230414746
2019,7,21.7,6,1.8894009216589864
2020,7,21.7,6,2.119815668202765
2021,7,21.7,6,1.7050691244239633
2014,8,30.7,6,12.182410423452769
2015,8,30.7,6,18.338762214983717
2016,8,30.7,6,17.32899022801303
2017,8,30.7,6,22.31270358306189
2018,8,30.7,6,13.517915309446254
2019,8,30.7,6,17.71986970684039
2020,8,30.7,6,6.254071661237785
2021,8,30.7,6,8.273615635179153
2014,9,29.2,6,1.5068493150684932
2015,9,29.2,6,11.575342465753424
2016,9,29.2,6,4.657534246575342
2017,9,29.2,6,7.842465753424658
2018,9,29.2,6,7.842465753424658
2019,9,29.2,6,12.5
2020,9,29.2,6,10.273972602739727
2021,9,29.2,6,15.376712328767123
2014,10,21.2,6,2.9716981132075477
2015,10,21.2,6,1.2264150943396226
2016,10,21.2,6,1.5566037735849056
2017,10,21.2,6,1.839622641509434
2018,10,21.2,6,2.2641509433962264
2019,10,21.2,6,2.0283018867924527
2020,10,21.2,6,2.9245283018867925
2021,10,21.2,6,2.9245283018867925
2014,11,141.1,6,0.6945428773919207
2015,11,141.1,6,0.7866761162296244
2016,11,141.1,6,1.190644932671864
2017,11,141.1,6,1.389085754783841
2018,11,141.1,6,0.2267895109851169
2019,11,141.1,6,1.1339475549255846
2020,11,141.1,6,1.2189936215450037
2021,11,141.1,6,1.559177888022679
2014,12,20.3,6,1.0344827586206895
2015,12,20.3,6,0.4926108374384236
2016,12,20.3,6,0.7881773399014778
2017,12,20.3,6,0.5911330049261083
2018,12,20.3,6,1.3300492610837438
2019,12,20.3,6,0.7389162561576355
2020,12,20.3,6,0.5911330049261083
2021,12,20.3,6,1.8226600985221677
2014,13,29.0,6,7.068965517241379
2015,13,29.0,6,11.344827586206897
2016,13,29.0,6,12.448275862068966
2017,13,29.0,6,20.96551724137931
2018,13,29.0,6,33.172413793103445
2019,13,29.0,6,43.51724137931034
2020,13,29.0,6,50.51724137931034
2021,13,29.0,6,36.793103448275865
2014,14,184.1,6,3.3025529603476373
2015,14,184.1,6,5.317762085822922
2016,14,184.1,6,5.32319391634981
2017,14,184.1,6,7.398153177620858
2018,14,184.1,6,8.049972840847365
2019,14,184.1,6,13.726235741444867
2020,14,184.1,6,13.215643671917435
2021,14,184.1,6,15.65996740901684
2014,15,25.0,6,2.16
2015,15,25.0,6,4.08
2016,15,25.0,6,3.88
2017,15,25.0,6,3.24
2018,15,25.0,6,4.24
2019,15,25.0,6,4.76
2020,15,25.0,6,9.72
2021,15,25.0,6,7.68
2014,16,20.5,6,4.097560975609756
2015,16,20.5,6,9.121951219512194
2016,16,20.5,6,8.146341463414634
2017,16,20.5,6,3.8536585365853657
2018,16,20.5,6,5.609756097560975
2019,16,20.5,6,9.853658536585366
2020,16,20.5,6,15.21951219512195
2021,16,20.5,6,14.829268292682928
2014,17,50.5,6,2.772277227722772
2015,17,50.5,6,1.683168316831683
2016,17,50.5,6,5.326732673267327
2017,17,50.5,6,6.297029702970297
2018,17,50.5,6,3.0297029702970297
2019,17,50.5,6,6.118811881188119
2020,17,50.5,6,4.712871287128713
2021,17,50.5,6,4.455445544554456
2014,18,45.8,6,1.7248908296943233
2015,18,45.8,6,1.834061135371179
2016,18,45.8,6,1.4410480349344978
2017,18,45.8,6,2.292576419213974
2018,18,45.8,6,3.3842794759825328
2019,18,45.8,6,4.978165938864629
2020,18,45.8,6,4.454148471615721
2021,18,45.8,6,6.462882096069869
